Ticker,Company Name,GICS,Price,Date
CHTR,Charter Communications,Communication Services,368.3999938964844,2025-04-03
CMCSA,Comcast,Communication Services,35.720001220703125,2025-04-03
DIS,Walt Disney Company (The),Communication Services,88.83999633789062,2025-04-03
EA,Electronic Arts,Communication Services,144.85000610351562,2025-04-03
FOX,Fox Corporation (Class B),Communication Services,47.900001525878906,2025-04-03
FOXA,Fox Corporation (Class A),Communication Services,51.83000183105469,2025-04-03
GOOG,Alphabet Inc. (Class C),Communication Services,152.6300048828125,2025-04-03
GOOGL,Alphabet Inc. (Class A),Communication Services,150.72000122070312,2025-04-03
IPG,Interpublic Group of Companies (The),Communication Services,24.579999923706055,2025-04-03
LYV,Live Nation Entertainment,Communication Services,126.05999755859375,2025-04-03
META,Meta Platforms,Communication Services,531.6199951171875,2025-04-03
MTCH,Match Group,Communication Services,30.18000030517578,2025-04-03
NFLX,Netflix,Communication Services,917.0499877929688,2025-04-03
NWS,News Corp (Class B),Communication Services,29.43000030517578,2025-04-03
NWSA,News Corp (Class A),Communication Services,26.06999969482422,2025-04-03
OMC,Omnicom Group,Communication Services,75.37999725341797,2025-04-03
PARA,Paramount Global,Communication Services,11.479999542236328,2025-04-03
T,AT&T,Communication Services,28.29962921142578,2025-04-03
TKO,TKO Group Holdings,Communication Services,150.44000244140625,2025-04-03
TMUS,T-Mobile US,Communication Services,267.8900146484375,2025-04-03
TTWO,Take-Two Interactive,Communication Services,208.92999267578125,2025-04-03
VZ,Verizon,Communication Services,44.89884567260742,2025-04-03
WBD,Warner Bros. Discovery,Communication Services,9.15999984741211,2025-04-03
ABNB,Airbnb,Consumer Discretionary,113.97000122070312,2025-04-03
AMZN,Amazon,Consumer Discretionary,178.41000366210938,2025-04-03
APTV,Aptiv,Consumer Discretionary,55.38999938964844,2025-04-03
AZO,AutoZone,Consumer Discretionary,3826.14990234375,2025-04-03
BBY,Best Buy,Consumer Discretionary,62.220001220703125,2025-04-03
BKNG,Booking Holdings,Consumer Discretionary,4450.52978515625,2025-04-03
CCL,Carnival,Consumer Discretionary,17.280000686645508,2025-04-03
CMG,Chipotle Mexican Grill,Consumer Discretionary,50.08000183105469,2025-04-03
CZR,Caesars Entertainment,Consumer Discretionary,23.770000457763672,2025-04-03
DASH,DoorDash,Consumer Discretionary,173.99000549316406,2025-04-03
DECK,Deckers Brands,Consumer Discretionary,100.87999725341797,2025-04-03
DHI,D. R. Horton,Consumer Discretionary,122.30999755859375,2025-04-03
DPZ,Domino's,Consumer Discretionary,463.7799987792969,2025-04-03
DRI,Darden Restaurants,Consumer Discretionary,199.24911499023438,2025-04-03
EBAY,eBay Inc.,Consumer Discretionary,66.36000061035156,2025-04-03
EXPE,Expedia Group,Consumer Discretionary,152.3699951171875,2025-04-03
F,Ford Motor Company,Consumer Discretionary,9.539999961853027,2025-04-03
GM,General Motors,Consumer Discretionary,45.900001525878906,2025-04-03
GPC,Genuine Parts Company,Consumer Discretionary,118.68000030517578,2025-04-03
GRMN,Garmin,Consumer Discretionary,185.33999633789062,2025-04-03
HAS,Hasbro,Consumer Discretionary,54.9900016784668,2025-04-03
HD,Home Depot (The),Consumer Discretionary,355.9100036621094,2025-04-03
HLT,Hilton Worldwide,Consumer Discretionary,217.3800048828125,2025-04-03
KMX,CarMax,Consumer Discretionary,76.45999908447266,2025-04-03
LEN,Lennar,Consumer Discretionary,108.4000015258789,2025-04-03
LKQ,LKQ Corporation,Consumer Discretionary,42.18000030517578,2025-04-03
LOW,Lowe's,Consumer Discretionary,222.52000427246094,2025-04-03
LULU,Lululemon Athletica,Consumer Discretionary,255.64999389648438,2025-04-03
LVS,Las Vegas Sands,Consumer Discretionary,36.40999984741211,2025-04-03
MAR,Marriott International,Consumer Discretionary,224.6199951171875,2025-04-03
MCD,McDonald's,Consumer Discretionary,318.2699890136719,2025-04-03
MGM,MGM Resorts,Consumer Discretionary,27.899999618530273,2025-04-03
MHK,Mohawk Industries,Consumer Discretionary,107.83999633789062,2025-04-03
NCLH,Norwegian Cruise Line Holdings,Consumer Discretionary,16.309999465942383,2025-04-03
NKE,"Nike, Inc.",Consumer Discretionary,55.58000183105469,2025-04-03
NVR,"NVR, Inc.",Consumer Discretionary,7109.990234375,2025-04-03
ORLY,O’Reilly Automotive,Consumer Discretionary,1441.8900146484375,2025-04-03
PHM,PulteGroup,Consumer Discretionary,97.75,2025-04-03
POOL,Pool Corporation,Consumer Discretionary,313.8500061035156,2025-04-03
RCL,Royal Caribbean Group,Consumer Discretionary,188.64999389648438,2025-04-03
RL,Ralph Lauren Corporation,Consumer Discretionary,197.88999938964844,2025-04-03
ROST,Ross Stores,Consumer Discretionary,131.2100067138672,2025-04-03
SBUX,Starbucks,Consumer Discretionary,88.26000213623047,2025-04-03
TJX,TJX Companies,Consumer Discretionary,125.43000030517578,2025-04-03
TPR,"Tapestry, Inc.",Consumer Discretionary,65.08999633789062,2025-04-03
TSCO,Tractor Supply,Consumer Discretionary,55.77000045776367,2025-04-03
TSLA,"Tesla, Inc.",Consumer Discretionary,267.2799987792969,2025-04-03
ULTA,Ulta Beauty,Consumer Discretionary,367.760009765625,2025-04-03
WSM,"Williams-Sonoma, Inc.",Consumer Discretionary,138.19406127929688,2025-04-03
WYNN,Wynn Resorts,Consumer Discretionary,72.87999725341797,2025-04-03
YUM,Yum! Brands,Consumer Discretionary,161.4499969482422,2025-04-03
APA,APA Corporation,Energy,17.739999771118164,2025-04-03
BKR,Baker Hughes,Energy,40.86000061035156,2025-04-03
COP,ConocoPhillips,Energy,95.25,2025-04-03
CTRA,Coterra,Energy,27.360000610351562,2025-04-03
CVX,Chevron Corporation,Energy,156.1199951171875,2025-04-03
DVN,Devon Energy,Energy,33.15999984741211,2025-04-03
EOG,EOG Resources,Energy,118.80242156982422,2025-04-03
EQT,EQT Corporation,Energy,52.09000015258789,2025-04-03
EXE,Expand Energy,Energy,110.55000305175781,2025-04-03
FANG,Diamondback Energy,Energy,141.27999877929688,2025-04-03
HAL,Halliburton,Energy,22.389999389648438,2025-04-03
HES,Hess Corporation,Energy,148.3800048828125,2025-04-03
KMI,Kinder Morgan,Energy,27.719999313354492,2025-04-03
MPC,Marathon Petroleum,Energy,128.58999633789062,2025-04-03
OKE,Oneok,Energy,92.69999694824219,2025-04-03
OXY,Occidental Petroleum,Energy,43.900001525878906,2025-04-03
PSX,Phillips 66,Energy,107.18000030517578,2025-04-03
SLB,Schlumberger,Energy,39.209999084472656,2025-04-03
TPL,Texas Pacific Land Corporation,Energy,1220.97998046875,2025-04-03
TRGP,Targa Resources,Energy,180.72000122070312,2025-04-03
VLO,Valero Energy,Energy,114.29000091552734,2025-04-03
WMB,Williams Companies,Energy,59.029998779296875,2025-04-03
XOM,ExxonMobil,Energy,112.43000030517578,2025-04-03
ACGL,Arch Capital Group,Financials,96.27999877929688,2025-04-03
AFL,Aflac,Financials,111.75,2025-04-03
AIG,American International Group,Financials,86.19999694824219,2025-04-03
AIZ,Assurant,Financials,203.4199981689453,2025-04-03
AJG,Arthur J. Gallagher & Co.,Financials,344.3999938964844,2025-04-03
ALL,Allstate,Financials,205.32000732421875,2025-04-03
AMP,Ameriprise Financial,Financials,455.80999755859375,2025-04-03
AON,Aon plc,Financials,394.2900085449219,2025-04-03
APO,Apollo Global Management,Financials,123.44999694824219,2025-04-03
AXP,American Express,Financials,247.00001525878906,2025-04-03
BAC,Bank of America,Financials,37.220001220703125,2025-04-03
BEN,Franklin Resources,Financials,17.950000762939453,2025-04-03
BK,BNY Mellon,Financials,79.91000366210938,2025-04-03
BLK,BlackRock,Financials,887.6500244140625,2025-04-03
BRK-B,Berkshire Hathaway,Financials,530.1599731445312,2025-04-03
BRO,Brown & Brown,Financials,124.43000030517578,2025-04-03
BX,Blackstone Inc.,Financials,133.10000610351562,2025-04-03
C,Citigroup,Financials,63.04999923706055,2025-04-03
CB,Chubb Limited,Financials,302.4599914550781,2025-04-03
CBOE,Cboe Global Markets,Financials,225.8000030517578,2025-04-03
CFG,Citizens Financial Group,Financials,36.220001220703125,2025-04-03
CINF,Cincinnati Financial,Financials,144.6999969482422,2025-04-03
CME,CME Group,Financials,268.3599853515625,2025-04-03
COF,Capital One,Financials,164.0399932861328,2025-04-03
CPAY,Corpay,Financials,317.6300048828125,2025-04-03
DFS,Discover Financial,Financials,161.25999450683594,2025-04-03
EG,Everest Group,Financials,361.760009765625,2025-04-03
ERIE,Erie Indemnity,Financials,420.1089782714844,2025-04-03
FDS,FactSet,Financials,437.1499938964844,2025-04-03
FI,Fiserv,Financials,216.89999389648438,2025-04-03
FIS,Fidelity National Information Services,Financials,74.51000213623047,2025-04-03
FITB,Fifth Third Bancorp,Financials,35.470001220703125,2025-04-03
GL,Globe Life,Financials,127.51000213623047,2025-04-03
GPN,Global Payments,Financials,92.9800033569336,2025-04-03
GS,Goldman Sachs,Financials,511.2300109863281,2025-04-03
HBAN,Huntington Bancshares,Financials,13.460000038146973,2025-04-03
HIG,Hartford (The),Financials,123.44000244140625,2025-04-03
ICE,Intercontinental Exchange,Financials,167.55999755859375,2025-04-03
IVZ,Invesco,Financials,13.829999923706055,2025-04-03
JKHY,Jack Henry & Associates,Financials,184.60000610351562,2025-04-03
JPM,JPMorgan Chase,Financials,227.29000854492188,2025-04-03
KEY,KeyCorp,Financials,14.119999885559082,2025-04-03
KKR,KKR & Co.,Financials,102.55000305175781,2025-04-03
L,Loews Corporation,Financials,91.11000061035156,2025-04-03
MA,Mastercard,Financials,529.7098388671875,2025-04-03
MCO,Moody's Corporation,Financials,442.3900146484375,2025-04-03
MET,MetLife,Financials,75.91000366210938,2025-04-03
MKTX,MarketAxess,Financials,216.14999389648438,2025-04-03
MMC,Marsh McLennan,Financials,244.27000427246094,2025-04-03
MS,Morgan Stanley,Financials,107.93000030517578,2025-04-03
MSCI,MSCI Inc.,Financials,544.1799926757812,2025-04-03
MTB,M&T Bank,Financials,163.36000061035156,2025-04-03
NDAQ,"Nasdaq, Inc.",Financials,73.79000091552734,2025-04-03
NTRS,Northern Trust,Financials,90.58000183105469,2025-04-03
PFG,Principal Financial Group,Financials,79.31999969482422,2025-04-03
PGR,Progressive Corporation,Financials,287.0,2025-04-03
PNC,PNC Financial Services,Financials,159.62924194335938,2025-04-03
PRU,Prudential Financial,Financials,104.79000091552734,2025-04-03
PYPL,PayPal,Financials,61.709999084472656,2025-04-03
RF,Regions Financial Corporation,Financials,19.610000610351562,2025-04-03
RJF,Raymond James Financial,Financials,130.27999877929688,2025-04-03
SCHW,Charles Schwab Corporation,Financials,74.87000274658203,2025-04-03
SPGI,S&P Global,Financials,489.3800048828125,2025-04-03
STT,State Street Corporation,Financials,82.83000183105469,2025-04-03
SYF,Synchrony Financial,Financials,46.560001373291016,2025-04-03
TFC,Truist Financial,Financials,37.040000915527344,2025-04-03
TROW,T. Rowe Price,Financials,86.22000122070312,2025-04-03
TRV,Travelers Companies (The),Financials,263.1000061035156,2025-04-03
USB,U.S. Bancorp,Financials,38.790000915527344,2025-04-03
V,Visa Inc.,Financials,339.3900146484375,2025-04-03
WFC,Wells Fargo,Financials,65.66999816894531,2025-04-03
WRB,W. R. Berkley Corporation,Financials,70.29000091552734,2025-04-03
WTW,Willis Towers Watson,Financials,332.4100036621094,2025-04-03
A,Agilent Technologies,Health Care,109.66999816894531,2025-04-03
ABBV,AbbVie,Health Care,199.79360961914062,2025-04-03
ABT,Abbott Laboratories,Health Care,131.02308654785156,2025-04-03
ALGN,Align Technology,Health Care,154.24000549316406,2025-04-03
AMGN,Amgen,Health Care,309.8500061035156,2025-04-03
BAX,Baxter International,Health Care,31.350000381469727,2025-04-03
BDX,Becton Dickinson,Health Care,221.58999633789062,2025-04-03
BIIB,Biogen,Health Care,130.7100067138672,2025-04-03
BMY,Bristol Myers Squibb,Health Care,57.20000076293945,2025-04-03
BSX,Boston Scientific,Health Care,98.5,2025-04-03
CAH,Cardinal Health,Health Care,137.08999633789062,2025-04-03
CI,Cigna,Health Care,338.45001220703125,2025-04-03
CNC,Centene Corporation,Health Care,64.29000091552734,2025-04-03
COO,Cooper Companies (The),Health Care,78.16999816894531,2025-04-03
COR,Cencora,Health Care,289.3599853515625,2025-04-03
CRL,Charles River Laboratories,Health Care,140.97999572753906,2025-04-03
CVS,CVS Health,Health Care,67.51000213623047,2025-04-03
DGX,Quest Diagnostics,Health Care,169.798583984375,2025-04-03
DHR,Danaher Corporation,Health Care,197.89999389648438,2025-04-03
DVA,DaVita,Health Care,153.72999572753906,2025-04-03
DXCM,Dexcom,Health Care,61.79999923706055,2025-04-03
ELV,Elevance Health,Health Care,452.69000244140625,2025-04-03
EW,Edwards Lifesciences,Health Care,72.9800033569336,2025-04-03
GEHC,GE HealthCare,Health Care,72.0,2025-04-03
GILD,Gilead Sciences,Health Care,112.38999938964844,2025-04-03
HCA,HCA Healthcare,Health Care,349.1400146484375,2025-04-03
HOLX,Hologic,Health Care,61.689998626708984,2025-04-03
HSIC,Henry Schein,Health Care,66.58999633789062,2025-04-03
HUM,Humana,Health Care,265.4800109863281,2025-04-03
IDXX,Idexx Laboratories,Health Care,410.760009765625,2025-04-03
INCY,Incyte,Health Care,62.459999084472656,2025-04-03
IQV,IQVIA,Health Care,167.69000244140625,2025-04-03
ISRG,Intuitive Surgical,Health Care,494.6099853515625,2025-04-03
JNJ,Johnson & Johnson,Health Care,159.82000732421875,2025-04-03
LH,Labcorp,Health Care,233.4600067138672,2025-04-03
LLY,Lilly (Eli),Health Care,789.0900268554688,2025-04-03
MCK,McKesson Corporation,Health Care,716.9299926757812,2025-04-03
MDT,Medtronic,Health Care,87.88999938964844,2025-04-03
MOH,Molina Healthcare,Health Care,353.239990234375,2025-04-03
MRK,Merck & Co.,Health Care,86.38999938964844,2025-04-03
MRNA,Moderna,Health Care,25.729999542236328,2025-04-03
MTD,Mettler Toledo,Health Care,1095.239990234375,2025-04-03
PFE,Pfizer,Health Care,24.290000915527344,2025-04-03
PODD,Insulet Corporation,Health Care,256.79998779296875,2025-04-03
REGN,Regeneron Pharmaceuticals,Health Care,610.6400146484375,2025-04-03
RMD,ResMed,Health Care,213.35000610351562,2025-04-03
RVTY,Revvity,Health Care,100.67477416992188,2025-04-03
SOLV,Solventum,Health Care,70.19000244140625,2025-04-03
STE,Steris,Health Care,221.41000366210938,2025-04-03
SYK,Stryker Corporation,Health Care,368.1499938964844,2025-04-03
TECH,Bio-Techne,Health Care,54.86000061035156,2025-04-03
TMO,Thermo Fisher Scientific,Health Care,470.0299987792969,2025-04-03
UHS,Universal Health Services,Health Care,188.72999572753906,2025-04-03
UNH,UnitedHealth Group,Health Care,540.4400024414062,2025-04-03
VRTX,Vertex Pharmaceuticals,Health Care,484.010009765625,2025-04-03
VTRS,Viatris,Health Care,8.15999984741211,2025-04-03
WAT,Waters Corporation,Health Care,345.1199951171875,2025-04-03
WST,West Pharmaceutical Services,Health Care,219.97000122070312,2025-04-03
ZBH,Zimmer Biomet,Health Care,112.66000366210938,2025-04-03
ZTS,Zoetis,Health Care,159.61000061035156,2025-04-03
ADP,Automatic Data Processing,Industrials,305.3900146484375,2025-04-03
ALLE,Allegion,Industrials,127.20999908447266,2025-04-03
AME,Ametek,Industrials,161.49000549316406,2025-04-03
AOS,A. O. Smith,Industrials,63.65999984741211,2025-04-03
AXON,Axon Enterprise,Industrials,539.6900024414062,2025-04-03
BA,Boeing,Industrials,150.91000366210938,2025-04-03
BLDR,Builders FirstSource,Industrials,119.81999969482422,2025-04-03
BR,Broadridge Financial Solutions,Industrials,239.91000366210938,2025-04-03
CARR,Carrier Global,Industrials,60.720001220703125,2025-04-03
CAT,Caterpillar Inc.,Industrials,305.760009765625,2025-04-03
CHRW,C.H. Robinson,Industrials,94.7699966430664,2025-04-03
CMI,Cummins,Industrials,295.3500061035156,2025-04-03
CPRT,Copart,Industrials,56.63999938964844,2025-04-03
CSX,CSX Corporation,Industrials,27.989999771118164,2025-04-03
CTAS,Cintas,Industrials,204.85000610351562,2025-04-03
DAL,Delta Air Lines,Industrials,38.709999084472656,2025-04-03
DAY,Dayforce,Industrials,56.2599983215332,2025-04-03
DE,Deere & Company,Industrials,447.45001220703125,2025-04-03
DOV,Dover Corporation,Industrials,162.72999572753906,2025-04-03
EFX,Equifax,Industrials,231.8000030517578,2025-04-03
EMR,Emerson Electric,Industrials,101.88999938964844,2025-04-03
ETN,Eaton Corporation,Industrials,260.8500061035156,2025-04-03
EXPD,Expeditors International,Industrials,110.66000366210938,2025-04-03
FAST,Fastenal,Industrials,78.01000213623047,2025-04-03
FDX,FedEx,Industrials,215.86000061035156,2025-04-03
FTV,Fortive,Industrials,67.62000274658203,2025-04-03
GD,General Dynamics,Industrials,268.13214111328125,2025-04-03
GE,GE Aerospace,Industrials,187.6300048828125,2025-04-03
GEV,GE Vernova,Industrials,297.4332580566406,2025-04-03
GNRC,Generac,Industrials,115.63999938964844,2025-04-03
GWW,W. W. Grainger,Industrials,973.4099731445312,2025-04-03
HII,Huntington Ingalls Industries,Industrials,199.22000122070312,2025-04-03
HON,Honeywell,Industrials,206.67999267578125,2025-04-03
HUBB,Hubbell Incorporated,Industrials,321.3500061035156,2025-04-03
HWM,Howmet Aerospace,Industrials,125.0,2025-04-03
IEX,IDEX Corporation,Industrials,168.67999267578125,2025-04-03
IR,Ingersoll Rand,Industrials,73.5199966430664,2025-04-03
ITW,Illinois Tool Works,Industrials,239.44000244140625,2025-04-03
J,Jacobs Solutions,Industrials,118.4800033569336,2025-04-03
JBHT,J.B. Hunt,Industrials,136.22999572753906,2025-04-03
JCI,Johnson Controls,Industrials,77.2300033569336,2025-04-03
LDOS,Leidos,Industrials,139.49000549316406,2025-04-03
LHX,L3Harris,Industrials,209.94000244140625,2025-04-03
LII,Lennox International,Industrials,546.8200073242188,2025-04-03
LMT,Lockheed Martin,Industrials,454.7799987792969,2025-04-03
LUV,Southwest Airlines,Industrials,28.860000610351562,2025-04-03
MAS,Masco,Industrials,64.1500015258789,2025-04-03
MMM,3M,Industrials,139.74000549316406,2025-04-03
NDSN,Nordson Corporation,Industrials,186.38999938964844,2025-04-03
NOC,Northrop Grumman,Industrials,515.1699829101562,2025-04-03
NSC,Norfolk Southern,Industrials,220.74000549316406,2025-04-03
ODFL,Old Dominion,Industrials,155.75,2025-04-03
OTIS,Otis Worldwide,Industrials,104.30000305175781,2025-04-03
PAYC,Paycom,Industrials,213.42999267578125,2025-04-03
PAYX,Paychex,Industrials,153.52999877929688,2025-04-03
PCAR,Paccar,Industrials,92.36000061035156,2025-04-03
PH,Parker Hannifin,Industrials,556.7000122070312,2025-04-03
PNR,Pentair,Industrials,81.28746032714844,2025-04-03
PWR,Quanta Services,Industrials,252.0399932861328,2025-04-03
ROK,Rockwell Automation,Industrials,239.16000366210938,2025-04-03
ROL,"Rollins, Inc.",Industrials,55.900001525878906,2025-04-03
RSG,Republic Services,Industrials,248.44000244140625,2025-04-03
RTX,RTX Corporation,Industrials,130.22999572753906,2025-04-03
SNA,Snap-on,Industrials,327.45001220703125,2025-04-03
SWK,Stanley Black & Decker,Industrials,64.66000366210938,2025-04-03
TDG,TransDigm Group,Industrials,1363.4200439453125,2025-04-03
TT,Trane Technologies,Industrials,331.0400085449219,2025-04-03
TXT,Textron,Industrials,66.87000274658203,2025-04-03
UAL,United Airlines Holdings,Industrials,60.22999954223633,2025-04-03
UBER,Uber,Industrials,69.8499984741211,2025-04-03
UNP,Union Pacific Corporation,Industrials,223.97000122070312,2025-04-03
UPS,United Parcel Service,Industrials,100.12000274658203,2025-04-03
URI,United Rentals,Industrials,591.1699829101562,2025-04-03
VLTO,Veralto,Industrials,93.9000015258789,2025-04-03
VRSK,Verisk Analytics,Industrials,305.0899963378906,2025-04-03
WAB,Wabtec,Industrials,173.5800018310547,2025-04-03
WM,Waste Management,Industrials,236.8300018310547,2025-04-03
XYL,Xylem Inc.,Industrials,110.98999786376953,2025-04-03
AAPL,Apple Inc.,Information Technology,203.19000244140625,2025-04-03
ACN,Accenture,Information Technology,301.4599914550781,2025-04-03
ADBE,Adobe Inc.,Information Technology,367.25,2025-04-03
ADI,Analog Devices,Information Technology,180.8800048828125,2025-04-03
ADSK,Autodesk,Information Technology,257.1499938964844,2025-04-03
AKAM,Akamai Technologies,Information Technology,78.77999877929688,2025-04-03
AMAT,Applied Materials,Information Technology,135.50999450683594,2025-04-03
AMD,Advanced Micro Devices,Information Technology,93.80000305175781,2025-04-03
ANET,Arista Networks,Information Technology,71.2699966430664,2025-04-03
ANSS,Ansys,Information Technology,310.45001220703125,2025-04-03
APH,Amphenol,Information Technology,62.65999984741211,2025-04-03
AVGO,Broadcom,Information Technology,154.00999450683594,2025-04-03
CDNS,Cadence Design Systems,Information Technology,248.91000366210938,2025-04-03
CDW,CDW Corporation,Information Technology,151.57000732421875,2025-04-03
CRM,Salesforce,Information Technology,254.82958984375,2025-04-03
CRWD,CrowdStrike,Information Technology,347.3900146484375,2025-04-03
CSCO,Cisco,Information Technology,57.310001373291016,2025-04-03
CTSH,Cognizant,Information Technology,73.2699966430664,2025-04-03
DELL,Dell Technologies,Information Technology,77.2300033569336,2025-04-03
ENPH,Enphase Energy,Information Technology,58.77000045776367,2025-04-03
EPAM,EPAM Systems,Information Technology,155.5500030517578,2025-04-03
FFIV,"F5, Inc.",Information Technology,250.97999572753906,2025-04-03
FICO,Fair Isaac,Information Technology,1801.050048828125,2025-04-03
FSLR,First Solar,Information Technology,136.22999572753906,2025-04-03
FTNT,Fortinet,Information Technology,89.44000244140625,2025-04-03
GDDY,GoDaddy,Information Technology,177.6699981689453,2025-04-03
GEN,Gen Digital,Information Technology,26.0,2025-04-03
GLW,Corning Inc.,Information Technology,42.290000915527344,2025-04-03
HPE,Hewlett Packard Enterprise,Information Technology,13.680000305175781,2025-04-03
HPQ,HP Inc.,Information Technology,23.780000686645508,2025-04-03
IBM,IBM,Information Technology,243.49000549316406,2025-04-03
INTC,Intel,Information Technology,22.43000030517578,2025-04-03
INTU,Intuit,Information Technology,597.4864501953125,2025-04-03
IT,Gartner,Information Technology,404.95001220703125,2025-04-03
JBL,Jabil,Information Technology,123.48999786376953,2025-04-03
JNPR,Juniper Networks,Information Technology,35.2400016784668,2025-04-03
KEYS,Keysight Technologies,Information Technology,135.72999572753906,2025-04-03
KLAC,KLA Corporation,Information Technology,620.8200073242188,2025-04-03
LRCX,Lam Research,Information Technology,65.22000122070312,2025-04-03
MCHP,Microchip Technology,Information Technology,40.709999084472656,2025-04-03
MPWR,Monolithic Power Systems,Information Technology,498.67999267578125,2025-04-03
MSFT,Microsoft,Information Technology,373.1099853515625,2025-04-03
MSI,Motorola Solutions,Information Technology,435.5,2025-04-03
MU,Micron Technology,Information Technology,74.33999633789062,2025-04-03
NOW,ServiceNow,Information Technology,774.0700073242188,2025-04-03
NTAP,NetApp,Information Technology,81.08999633789062,2025-04-03
NVDA,Nvidia,Information Technology,101.80000305175781,2025-04-03
NXPI,NXP Semiconductors,Information Technology,171.8800048828125,2025-04-03
ON,ON Semiconductor,Information Technology,35.560001373291016,2025-04-03
ORCL,Oracle Corporation,Information Technology,136.73880004882812,2025-04-03
PANW,Palo Alto Networks,Information Technology,165.1699981689453,2025-04-03
PLTR,Palantir Technologies,Information Technology,83.5999984741211,2025-04-03
PTC,PTC Inc.,Information Technology,149.52999877929688,2025-04-03
QCOM,Qualcomm,Information Technology,139.4199981689453,2025-04-03
ROP,Roper Technologies,Information Technology,578.875,2025-04-03
SMCI,Supermicro,Information Technology,32.31999969482422,2025-04-03
SNPS,Synopsys,Information Technology,417.760009765625,2025-04-03
STX,Seagate Technology,Information Technology,71.52999877929688,2025-04-03
SWKS,Skyworks Solutions,Information Technology,56.7599983215332,2025-04-03
TDY,Teledyne Technologies,Information Technology,471.6000061035156,2025-04-03
TEL,TE Connectivity,Information Technology,129.97999572753906,2025-04-03
TER,Teradyne,Information Technology,75.08999633789062,2025-04-03
TRMB,Trimble Inc.,Information Technology,60.279998779296875,2025-04-03
TXN,Texas Instruments,Information Technology,164.1999969482422,2025-04-03
TYL,Tyler Technologies,Information Technology,569.6799926757812,2025-04-03
VRSN,Verisign,Information Technology,255.42999267578125,2025-04-03
WDAY,"Workday, Inc.",Information Technology,228.3300018310547,2025-04-03
WDC,Western Digital,Information Technology,34.150001525878906,2025-04-03
ZBRA,Zebra Technologies,Information Technology,238.5,2025-04-03
