Ticker,Company Name,GICS,Price,Date
CHTR,Charter Communications,Communication Services,379.2699890136719,2025-04-02
CMCSA,Comcast,Communication Services,36.61000061035156,2025-04-02
DIS,Walt Disney Company (The),Communication Services,97.87999725341797,2025-04-02
EA,Electronic Arts,Communication Services,144.8699951171875,2025-04-02
FOX,Fox Corporation (Class B),Communication Services,53.0,2025-04-02
FOXA,Fox Corporation (Class A),Communication Services,57.040000915527344,2025-04-02
GOOG,Alphabet Inc. (Class C),Communication Services,158.86000061035156,2025-04-02
GOOGL,Alphabet Inc. (Class A),Communication Services,157.0399932861328,2025-04-02
IPG,Interpublic Group of Companies (The),Communication Services,26.040000915527344,2025-04-02
LYV,Live Nation Entertainment,Communication Services,134.64999389648438,2025-04-02
META,Meta Platforms,Communication Services,583.9299926757812,2025-04-02
MTCH,Match Group,Communication Services,31.280000686645508,2025-04-02
NFLX,Netflix,Communication Services,935.52001953125,2025-04-02
NWS,News Corp (Class B),Communication Services,30.549999237060547,2025-04-02
NWSA,News Corp (Class A),Communication Services,27.059999465942383,2025-04-02
OMC,Omnicom Group,Communication Services,79.41999816894531,2025-04-02
PARA,Paramount Global,Communication Services,11.899999618530273,2025-04-02
T,AT&T,Communication Services,27.844459533691406,2025-04-02
TKO,TKO Group Holdings,Communication Services,158.5800018310547,2025-04-02
TMUS,T-Mobile US,Communication Services,264.55999755859375,2025-04-02
TTWO,Take-Two Interactive,Communication Services,211.10000610351562,2025-04-02
VZ,Verizon,Communication Services,44.03275680541992,2025-04-02
WBD,Warner Bros. Discovery,Communication Services,10.5600004196167,2025-04-02
ABNB,Airbnb,Consumer Discretionary,122.80000305175781,2025-04-02
AMZN,Amazon,Consumer Discretionary,196.00999450683594,2025-04-02
APTV,Aptiv,Consumer Discretionary,60.779998779296875,2025-04-02
AZO,AutoZone,Consumer Discretionary,3809.260009765625,2025-04-02
BBY,Best Buy,Consumer Discretionary,75.7300033569336,2025-04-02
BKNG,Booking Holdings,Consumer Discretionary,4689.2998046875,2025-04-02
CCL,Carnival,Consumer Discretionary,20.020000457763672,2025-04-02
CMG,Chipotle Mexican Grill,Consumer Discretionary,52.02000045776367,2025-04-02
CZR,Caesars Entertainment,Consumer Discretionary,26.270000457763672,2025-04-02
DASH,DoorDash,Consumer Discretionary,189.25,2025-04-02
DECK,Deckers Brands,Consumer Discretionary,117.9800033569336,2025-04-02
DHI,D. R. Horton,Consumer Discretionary,127.97000122070312,2025-04-02
DPZ,Domino's,Consumer Discretionary,468.3500061035156,2025-04-02
DRI,Darden Restaurants,Consumer Discretionary,208.07574462890625,2025-04-02
EBAY,eBay Inc.,Consumer Discretionary,67.41999816894531,2025-04-02
EXPE,Expedia Group,Consumer Discretionary,167.85000610351562,2025-04-02
F,Ford Motor Company,Consumer Discretionary,10.149999618530273,2025-04-02
GM,General Motors,Consumer Discretionary,47.97999954223633,2025-04-02
GPC,Genuine Parts Company,Consumer Discretionary,120.06999969482422,2025-04-02
GRMN,Garmin,Consumer Discretionary,218.07000732421875,2025-04-02
HAS,Hasbro,Consumer Discretionary,62.689998626708984,2025-04-02
HD,Home Depot (The),Consumer Discretionary,370.8900146484375,2025-04-02
HLT,Hilton Worldwide,Consumer Discretionary,231.3800048828125,2025-04-02
KMX,CarMax,Consumer Discretionary,82.7699966430664,2025-04-02
LEN,Lennar,Consumer Discretionary,115.66000366210938,2025-04-02
LKQ,LKQ Corporation,Consumer Discretionary,43.380001068115234,2025-04-02
LOW,Lowe's,Consumer Discretionary,235.27999877929688,2025-04-02
LULU,Lululemon Athletica,Consumer Discretionary,282.75,2025-04-02
LVS,Las Vegas Sands,Consumer Discretionary,39.040000915527344,2025-04-02
MAR,Marriott International,Consumer Discretionary,242.55999755859375,2025-04-02
MCD,McDonald's,Consumer Discretionary,311.5799865722656,2025-04-02
MGM,MGM Resorts,Consumer Discretionary,30.75,2025-04-02
MHK,Mohawk Industries,Consumer Discretionary,117.1500015258789,2025-04-02
NCLH,Norwegian Cruise Line Holdings,Consumer Discretionary,19.5,2025-04-02
NKE,"Nike, Inc.",Consumer Discretionary,64.95999908447266,2025-04-02
NVR,"NVR, Inc.",Consumer Discretionary,7302.06982421875,2025-04-02
ORLY,O’Reilly Automotive,Consumer Discretionary,1417.010009765625,2025-04-02
PHM,PulteGroup,Consumer Discretionary,104.33000183105469,2025-04-02
POOL,Pool Corporation,Consumer Discretionary,325.6600036621094,2025-04-02
RCL,Royal Caribbean Group,Consumer Discretionary,212.0500030517578,2025-04-02
RL,Ralph Lauren Corporation,Consumer Discretionary,236.35000610351562,2025-04-02
ROST,Ross Stores,Consumer Discretionary,132.3699951171875,2025-04-02
SBUX,Starbucks,Consumer Discretionary,99.41000366210938,2025-04-02
TJX,TJX Companies,Consumer Discretionary,124.93000030517578,2025-04-02
TPR,"Tapestry, Inc.",Consumer Discretionary,74.73999786376953,2025-04-02
TSCO,Tractor Supply,Consumer Discretionary,55.619998931884766,2025-04-02
TSLA,"Tesla, Inc.",Consumer Discretionary,282.760009765625,2025-04-02
ULTA,Ulta Beauty,Consumer Discretionary,382.510009765625,2025-04-02
WSM,"Williams-Sonoma, Inc.",Consumer Discretionary,164.21864318847656,2025-04-02
WYNN,Wynn Resorts,Consumer Discretionary,81.54000091552734,2025-04-02
YUM,Yum! Brands,Consumer Discretionary,158.22999572753906,2025-04-02
ADM,Archer Daniels Midland,Consumer Staples,47.970001220703125,2025-04-02
BF-B,Brown–Forman,Consumer Staples,34.5099983215332,2025-04-02
BG,Bunge Global,Consumer Staples,78.01000213623047,2025-04-02
CAG,Conagra Brands,Consumer Staples,26.3799991607666,2025-04-02
CHD,Church & Dwight,Consumer Staples,108.31999969482422,2025-04-02
CL,Colgate-Palmolive,Consumer Staples,93.02967071533203,2025-04-02
CLX,Clorox,Consumer Staples,147.6199951171875,2025-04-02
COST,Costco,Consumer Staples,965.0800170898438,2025-04-02
CPB,Campbell's Company (The),Consumer Staples,39.0,2025-04-02
DG,Dollar General,Consumer Staples,89.62166595458984,2025-04-02
DLTR,Dollar Tree,Consumer Staples,77.56999969482422,2025-04-02
EL,Estée Lauder Companies (The),Consumer Staples,68.76000213623047,2025-04-02
GIS,General Mills,Consumer Staples,58.57831954956055,2025-04-02
HRL,Hormel Foods,Consumer Staples,30.32703399658203,2025-04-02
HSY,Hershey Company (The),Consumer Staples,163.9499969482422,2025-04-02
K,Kellanova,Consumer Staples,82.44999694824219,2025-04-02
KDP,Keurig Dr Pepper,Consumer Staples,35.13999938964844,2025-04-02
KHC,Kraft Heinz,Consumer Staples,30.1299991607666,2025-04-02
KMB,Kimberly-Clark,Consumer Staples,142.89999389648438,2025-04-02
KO,Coca-Cola Company (The),Consumer Staples,71.33000183105469,2025-04-02
KR,Kroger,Consumer Staples,67.2699966430664,2025-04-02
KVUE,Kenvue,Consumer Staples,23.8700008392334,2025-04-02
LW,Lamb Weston,Consumer Staples,54.150001525878906,2025-04-02
MDLZ,Mondelez International,Consumer Staples,66.12999725341797,2025-04-02
MKC,McCormick & Company,Consumer Staples,80.81157684326172,2025-04-02
MNST,Monster Beverage,Consumer Staples,59.36000061035156,2025-04-02
MO,Altria,Consumer Staples,57.119998931884766,2025-04-02
PEP,PepsiCo,Consumer Staples,149.1199951171875,2025-04-02
PG,Procter & Gamble,Consumer Staples,169.5,2025-04-02
PM,Philip Morris International,Consumer Staples,156.1699981689453,2025-04-02
SJM,J.M. Smucker Company (The),Consumer Staples,118.44999694824219,2025-04-02
STZ,Constellation Brands,Consumer Staples,182.72999572753906,2025-04-02
SYY,Sysco,Consumer Staples,74.7907485961914,2025-04-02
TAP,Molson Coors Beverage Company,Consumer Staples,61.95000076293945,2025-04-02
TGT,Target Corporation,Consumer Staples,105.7699966430664,2025-04-02
TSN,Tyson Foods,Consumer Staples,62.75,2025-04-02
WBA,Walgreens Boots Alliance,Consumer Staples,11.180000305175781,2025-04-02
WMT,Walmart,Consumer Staples,89.76000213623047,2025-04-02
APA,APA Corporation,Energy,21.239999771118164,2025-04-02
BKR,Baker Hughes,Energy,44.91999816894531,2025-04-02
COP,ConocoPhillips,Energy,106.0999984741211,2025-04-02
CTRA,Coterra,Energy,28.989999771118164,2025-04-02
CVX,Chevron Corporation,Energy,166.47000122070312,2025-04-02
DVN,Devon Energy,Energy,37.91999816894531,2025-04-02
EOG,EOG Resources,Energy,128.79098510742188,2025-04-02
EQT,EQT Corporation,Energy,54.619998931884766,2025-04-02
EXE,Expand Energy,Energy,113.87000274658203,2025-04-02
FANG,Diamondback Energy,Energy,161.49000549316406,2025-04-02
HAL,Halliburton,Energy,25.700000762939453,2025-04-02
HES,Hess Corporation,Energy,160.02000427246094,2025-04-02
KMI,Kinder Morgan,Energy,28.920000076293945,2025-04-02
MPC,Marathon Petroleum,Energy,147.89999389648438,2025-04-02
OKE,Oneok,Energy,100.37000274658203,2025-04-02
OXY,Occidental Petroleum,Energy,49.33000183105469,2025-04-02
PSX,Phillips 66,Energy,124.05999755859375,2025-04-02
SLB,Schlumberger,Energy,42.189998626708984,2025-04-02
TPL,Texas Pacific Land Corporation,Energy,1391.4300537109375,2025-04-02
TRGP,Targa Resources,Energy,205.72000122070312,2025-04-02
VLO,Valero Energy,Energy,133.6199951171875,2025-04-02
WMB,Williams Companies,Energy,61.599998474121094,2025-04-02
XOM,ExxonMobil,Energy,118.66999816894531,2025-04-02
ACGL,Arch Capital Group,Financials,96.81999969482422,2025-04-02
AFL,Aflac,Financials,112.2699966430664,2025-04-02
AIG,American International Group,Financials,87.72000122070312,2025-04-02
AIZ,Assurant,Financials,210.77000427246094,2025-04-02
AJG,Arthur J. Gallagher & Co.,Financials,344.07000732421875,2025-04-02
ALL,Allstate,Financials,205.42999267578125,2025-04-02
AMP,Ameriprise Financial,Financials,494.3599853515625,2025-04-02
AON,Aon plc,Financials,396.0299987792969,2025-04-02
APO,Apollo Global Management,Financials,141.52000427246094,2025-04-02
AXP,American Express,Financials,274.3392333984375,2025-04-02
BAC,Bank of America,Financials,41.849998474121094,2025-04-02
BEN,Franklin Resources,Financials,19.43000030517578,2025-04-02
BK,BNY Mellon,Financials,84.22000122070312,2025-04-02
BLK,BlackRock,Financials,961.8400268554688,2025-04-02
BRK-B,Berkshire Hathaway,Financials,537.719970703125,2025-04-02
BRO,Brown & Brown,Financials,124.2300033569336,2025-04-02
BX,Blackstone Inc.,Financials,147.66000366210938,2025-04-02
C,Citigroup,Financials,71.76000213623047,2025-04-02
CB,Chubb Limited,Financials,301.5400085449219,2025-04-02
CBOE,Cboe Global Markets,Financials,224.47999572753906,2025-04-02
CFG,Citizens Financial Group,Financials,41.65999984741211,2025-04-02
CINF,Cincinnati Financial,Financials,147.58999633789062,2025-04-02
CME,CME Group,Financials,262.5400085449219,2025-04-02
COF,Capital One,Financials,182.17999267578125,2025-04-02
CPAY,Corpay,Financials,358.5199890136719,2025-04-02
DFS,Discover Financial,Financials,175.94000244140625,2025-04-02
EG,Everest Group,Financials,365.3399963378906,2025-04-02
ERIE,Erie Indemnity,Financials,414.129638671875,2025-04-02
FDS,FactSet,Financials,451.7200012207031,2025-04-02
FI,Fiserv,Financials,226.14999389648438,2025-04-02
FIS,Fidelity National Information Services,Financials,75.73999786376953,2025-04-02
FITB,Fifth Third Bancorp,Financials,39.619998931884766,2025-04-02
GL,Globe Life,Financials,132.8199920654297,2025-04-02
GPN,Global Payments,Financials,99.5999984741211,2025-04-02
GS,Goldman Sachs,Financials,563.0999755859375,2025-04-02
HBAN,Huntington Bancshares,Financials,15.210000038146973,2025-04-02
HIG,Hartford (The),Financials,124.86000061035156,2025-04-02
ICE,Intercontinental Exchange,Financials,170.44000244140625,2025-04-02
IVZ,Invesco,Financials,15.6899995803833,2025-04-02
JKHY,Jack Henry & Associates,Financials,184.11000061035156,2025-04-02
JPM,JPMorgan Chase,Financials,244.3151397705078,2025-04-02
KEY,KeyCorp,Financials,16.06999969482422,2025-04-02
KKR,KKR & Co.,Financials,120.9000015258789,2025-04-02
L,Loews Corporation,Financials,92.02999877929688,2025-04-02
MA,Mastercard,Financials,546.51318359375,2025-04-02
MCO,Moody's Corporation,Financials,470.8900146484375,2025-04-02
MET,MetLife,Financials,82.48999786376953,2025-04-02
MKTX,MarketAxess,Financials,210.8300018310547,2025-04-02
MMC,Marsh McLennan,Financials,242.82501220703125,2025-04-02
MS,Morgan Stanley,Financials,119.2699966430664,2025-04-02
MSCI,MSCI Inc.,Financials,575.9600219726562,2025-04-02
MTB,M&T Bank,Financials,179.7100067138672,2025-04-02
NDAQ,"Nasdaq, Inc.",Financials,78.30000305175781,2025-04-02
NTRS,Northern Trust,Financials,98.7300033569336,2025-04-02
PFG,Principal Financial Group,Financials,86.19000244140625,2025-04-02
PGR,Progressive Corporation,Financials,281.1300048828125,2025-04-02
PNC,PNC Financial Services,Financials,175.1873779296875,2025-04-02
PRU,Prudential Financial,Financials,112.70999908447266,2025-04-02
PYPL,PayPal,Financials,67.1500015258789,2025-04-02
RF,Regions Financial Corporation,Financials,22.020000457763672,2025-04-02
RJF,Raymond James Financial,Financials,141.88999938964844,2025-04-02
SCHW,Charles Schwab Corporation,Financials,78.58999633789062,2025-04-02
SPGI,S&P Global,Financials,513.97998046875,2025-04-02
STT,State Street Corporation,Financials,89.58999633789062,2025-04-02
SYF,Synchrony Financial,Financials,55.04999923706055,2025-04-02
TFC,Truist Financial,Financials,41.560001373291016,2025-04-02
TROW,T. Rowe Price,Financials,93.9000015258789,2025-04-02
TRV,Travelers Companies (The),Financials,264.489990234375,2025-04-02
USB,U.S. Bancorp,Financials,43.0099983215332,2025-04-02
V,Visa Inc.,Financials,346.3299865722656,2025-04-02
WFC,Wells Fargo,Financials,72.26000213623047,2025-04-02
WRB,W. R. Berkley Corporation,Financials,69.75,2025-04-02
WTW,Willis Towers Watson,Financials,337.42999267578125,2025-04-02
A,Agilent Technologies,Health Care,115.98999786376953,2025-04-02
ABBV,AbbVie,Health Care,203.31109619140625,2025-04-02
ABT,Abbott Laboratories,Health Care,131.32168579101562,2025-04-02
ALGN,Align Technology,Health Care,163.97999572753906,2025-04-02
AMGN,Amgen,Health Care,305.70001220703125,2025-04-02
BAX,Baxter International,Health Care,33.650001525878906,2025-04-02
BDX,Becton Dickinson,Health Care,226.4199981689453,2025-04-02
BIIB,Biogen,Health Care,131.32000732421875,2025-04-02
BMY,Bristol Myers Squibb,Health Care,58.96091079711914,2025-04-02
BSX,Boston Scientific,Health Care,100.05000305175781,2025-04-02
CAH,Cardinal Health,Health Care,138.6699981689453,2025-04-02
CI,Cigna,Health Care,331.9200134277344,2025-04-02
CNC,Centene Corporation,Health Care,60.72999954223633,2025-04-02
COO,Cooper Companies (The),Health Care,81.2300033569336,2025-04-02
COR,Cencora,Health Care,279.510009765625,2025-04-02
CRL,Charles River Laboratories,Health Care,149.27999877929688,2025-04-02
CVS,CVS Health,Health Care,68.06999969482422,2025-04-02
DGX,Quest Diagnostics,Health Care,167.14158630371094,2025-04-02
DHR,Danaher Corporation,Health Care,205.16000366210938,2025-04-02
DVA,DaVita,Health Care,154.2899932861328,2025-04-02
DXCM,Dexcom,Health Care,68.13999938964844,2025-04-02
ELV,Elevance Health,Health Care,429.3299865722656,2025-04-02
EW,Edwards Lifesciences,Health Care,72.05000305175781,2025-04-02
GEHC,GE HealthCare,Health Care,79.36000061035156,2025-04-02
GILD,Gilead Sciences,Health Care,111.88999938964844,2025-04-02
HCA,HCA Healthcare,Health Care,347.0299987792969,2025-04-02
HOLX,Hologic,Health Care,60.560001373291016,2025-04-02
HSIC,Henry Schein,Health Care,69.25,2025-04-02
HUM,Humana,Health Care,265.79998779296875,2025-04-02
IDXX,Idexx Laboratories,Health Care,426.25,2025-04-02
INCY,Incyte,Health Care,62.33000183105469,2025-04-02
IQV,IQVIA,Health Care,174.3699951171875,2025-04-02
ISRG,Intuitive Surgical,Health Care,507.04998779296875,2025-04-02
JNJ,Johnson & Johnson,Health Care,155.36000061035156,2025-04-02
LH,Labcorp,Health Care,236.3699951171875,2025-04-02
LLY,Lilly (Eli),Health Care,818.219970703125,2025-04-02
MCK,McKesson Corporation,Health Care,693.530029296875,2025-04-02
MDT,Medtronic,Health Care,88.86000061035156,2025-04-02
MOH,Molina Healthcare,Health Care,328.489990234375,2025-04-02
MRK,Merck & Co.,Health Care,86.5999984741211,2025-04-02
MRNA,Moderna,Health Care,27.719999313354492,2025-04-02
MTD,Mettler Toledo,Health Care,1172.5,2025-04-02
PFE,Pfizer,Health Care,24.700000762939453,2025-04-02
PODD,Insulet Corporation,Health Care,269.1300048828125,2025-04-02
REGN,Regeneron Pharmaceuticals,Health Care,625.5999755859375,2025-04-02
RMD,ResMed,Health Care,223.0,2025-04-02
RVTY,Revvity,Health Care,106.64031982421875,2025-04-02
SOLV,Solventum,Health Care,76.62000274658203,2025-04-02
STE,Steris,Health Care,227.57000732421875,2025-04-02
SYK,Stryker Corporation,Health Care,377.4599914550781,2025-04-02
TECH,Bio-Techne,Health Care,58.380001068115234,2025-04-02
TMO,Thermo Fisher Scientific,Health Care,489.05999755859375,2025-04-02
UHS,Universal Health Services,Health Care,188.77999877929688,2025-04-02
UNH,UnitedHealth Group,Health Care,523.2000122070312,2025-04-02
VRTX,Vertex Pharmaceuticals,Health Care,483.489990234375,2025-04-02
VTRS,Viatris,Health Care,8.65999984741211,2025-04-02
WAT,Waters Corporation,Health Care,362.6400146484375,2025-04-02
WST,West Pharmaceutical Services,Health Care,221.5,2025-04-02
ZBH,Zimmer Biomet,Health Care,112.5,2025-04-02
ZTS,Zoetis,Health Care,163.5,2025-04-02
ADP,Automatic Data Processing,Industrials,307.2300109863281,2025-04-02
ALLE,Allegion,Industrials,132.14999389648438,2025-04-02
AME,Ametek,Industrials,172.72000122070312,2025-04-02
AOS,A. O. Smith,Industrials,66.12000274658203,2025-04-02
AXON,Axon Enterprise,Industrials,558.4199829101562,2025-04-02
BA,Boeing,Industrials,168.55999755859375,2025-04-02
BLDR,Builders FirstSource,Industrials,131.1199951171875,2025-04-02
BR,Broadridge Financial Solutions,Industrials,246.25,2025-04-02
CARR,Carrier Global,Industrials,65.04000091552734,2025-04-02
CAT,Caterpillar Inc.,Industrials,334.6600036621094,2025-04-02
CHRW,C.H. Robinson,Industrials,102.81999969482422,2025-04-02
CMI,Cummins,Industrials,319.989990234375,2025-04-02
CPRT,Copart,Industrials,57.470001220703125,2025-04-02
CSX,CSX Corporation,Industrials,29.739999771118164,2025-04-02
CTAS,Cintas,Industrials,208.6699981689453,2025-04-02
DAL,Delta Air Lines,Industrials,43.369998931884766,2025-04-02
DAY,Dayforce,Industrials,59.29999923706055,2025-04-02
DE,Deere & Company,Industrials,470.8999938964844,2025-04-02
DOV,Dover Corporation,Industrials,179.02000427246094,2025-04-02
EFX,Equifax,Industrials,247.57000732421875,2025-04-02
EMR,Emerson Electric,Industrials,111.54000091552734,2025-04-02
ETN,Eaton Corporation,Industrials,283.8399963378906,2025-04-02
EXPD,Expeditors International,Industrials,121.88999938964844,2025-04-02
FAST,Fastenal,Industrials,78.01000213623047,2025-04-02
FDX,FedEx,Industrials,245.1699981689453,2025-04-02
FTV,Fortive,Industrials,74.29000091552734,2025-04-02
GD,General Dynamics,Industrials,274.5167236328125,2025-04-02
GE,GE Aerospace,Industrials,199.77000427246094,2025-04-02
GEV,GE Vernova,Industrials,330.5479736328125,2025-04-02
GNRC,Generac,Industrials,128.17999267578125,2025-04-02
GWW,W. W. Grainger,Industrials,1004.9199829101562,2025-04-02
HII,Huntington Ingalls Industries,Industrials,204.92999267578125,2025-04-02
HON,Honeywell,Industrials,215.99000549316406,2025-04-02
HUBB,Hubbell Incorporated,Industrials,341.6199951171875,2025-04-02
HWM,Howmet Aerospace,Industrials,133.89999389648438,2025-04-02
IEX,IDEX Corporation,Industrials,183.3000030517578,2025-04-02
IR,Ingersoll Rand,Industrials,81.69999694824219,2025-04-02
ITW,Illinois Tool Works,Industrials,252.42999267578125,2025-04-02
J,Jacobs Solutions,Industrials,124.5199966430664,2025-04-02
JBHT,J.B. Hunt,Industrials,152.77999877929688,2025-04-02
JCI,Johnson Controls,Industrials,82.86000061035156,2025-04-02
LDOS,Leidos,Industrials,142.94000244140625,2025-04-02
LHX,L3Harris,Industrials,211.89999389648438,2025-04-02
LII,Lennox International,Industrials,574.530029296875,2025-04-02
LMT,Lockheed Martin,Industrials,452.8699951171875,2025-04-02
LUV,Southwest Airlines,Industrials,31.860000610351562,2025-04-02
MAS,Masco,Industrials,71.05999755859375,2025-04-02
MMM,3M,Industrials,147.75999450683594,2025-04-02
NDSN,Nordson Corporation,Industrials,203.35000610351562,2025-04-02
NOC,Northrop Grumman,Industrials,512.1799926757812,2025-04-02
NSC,Norfolk Southern,Industrials,238.57000732421875,2025-04-02
ODFL,Old Dominion,Industrials,170.10000610351562,2025-04-02
OTIS,Otis Worldwide,Industrials,103.94000244140625,2025-04-02
PAYC,Paycom,Industrials,218.47999572753906,2025-04-02
PAYX,Paychex,Industrials,154.94000244140625,2025-04-02
PCAR,Paccar,Industrials,99.08999633789062,2025-04-02
PH,Parker Hannifin,Industrials,628.97998046875,2025-04-02
PNR,Pentair,Industrials,88.81407165527344,2025-04-02
PWR,Quanta Services,Industrials,264.489990234375,2025-04-02
ROK,Rockwell Automation,Industrials,260.8599853515625,2025-04-02
ROL,"Rollins, Inc.",Industrials,54.72999954223633,2025-04-02
RSG,Republic Services,Industrials,244.82000732421875,2025-04-02
RTX,RTX Corporation,Industrials,133.14999389648438,2025-04-02
SNA,Snap-on,Industrials,342.20001220703125,2025-04-02
SWK,Stanley Black & Decker,Industrials,76.9800033569336,2025-04-02
TDG,TransDigm Group,Industrials,1399.5699462890625,2025-04-02
TT,Trane Technologies,Industrials,347.94000244140625,2025-04-02
TXT,Textron,Industrials,72.4800033569336,2025-04-02
UAL,United Airlines Holdings,Industrials,71.37000274658203,2025-04-02
UBER,Uber,Industrials,74.5,2025-04-02
UNP,Union Pacific Corporation,Industrials,238.4600067138672,2025-04-02
UPS,United Parcel Service,Industrials,110.19999694824219,2025-04-02
URI,United Rentals,Industrials,646.1699829101562,2025-04-02
VLTO,Veralto,Industrials,98.68000030517578,2025-04-02
VRSK,Verisk Analytics,Industrials,299.7099914550781,2025-04-02
WAB,Wabtec,Industrials,185.91000366210938,2025-04-02
WM,Waste Management,Industrials,234.55999755859375,2025-04-02
XYL,Xylem Inc.,Industrials,119.05000305175781,2025-04-02
AAPL,Apple Inc.,Information Technology,223.88999938964844,2025-04-02
ACN,Accenture,Information Technology,316.3299865722656,2025-04-02
ADBE,Adobe Inc.,Information Technology,385.7799987792969,2025-04-02
ADI,Analog Devices,Information Technology,199.58999633789062,2025-04-02
ADSK,Autodesk,Information Technology,267.92999267578125,2025-04-02
AKAM,Akamai Technologies,Information Technology,81.62999725341797,2025-04-02
AMAT,Applied Materials,Information Technology,147.75,2025-04-02
AMD,Advanced Micro Devices,Information Technology,102.95999908447266,2025-04-02
ANET,Arista Networks,Information Technology,80.16000366210938,2025-04-02
ANSS,Ansys,Information Technology,320.9100036621094,2025-04-02
APH,Amphenol,Information Technology,67.9000015258789,2025-04-02
AVGO,Broadcom,Information Technology,172.08999633789062,2025-04-02
CDNS,Cadence Design Systems,Information Technology,264.94000244140625,2025-04-02
CDW,CDW Corporation,Information Technology,164.47000122070312,2025-04-02
CRM,Salesforce,Information Technology,271.114013671875,2025-04-02
CRWD,CrowdStrike,Information Technology,371.489990234375,2025-04-02
CSCO,Cisco,Information Technology,61.40999984741211,2025-04-02
CTSH,Cognizant,Information Technology,76.7300033569336,2025-04-02
DELL,Dell Technologies,Information Technology,95.33000183105469,2025-04-02
ENPH,Enphase Energy,Information Technology,62.52000045776367,2025-04-02
EPAM,EPAM Systems,Information Technology,169.05999755859375,2025-04-02
FFIV,"F5, Inc.",Information Technology,272.7300109863281,2025-04-02
FICO,Fair Isaac,Information Technology,1889.8900146484375,2025-04-02
FSLR,First Solar,Information Technology,129.82000732421875,2025-04-02
FTNT,Fortinet,Information Technology,98.08000183105469,2025-04-02
GDDY,GoDaddy,Information Technology,180.5,2025-04-02
GEN,Gen Digital,Information Technology,27.010000228881836,2025-04-02
GLW,Corning Inc.,Information Technology,46.540000915527344,2025-04-02
HPE,Hewlett Packard Enterprise,Information Technology,16.1200008392334,2025-04-02
HPQ,HP Inc.,Information Technology,27.8799991607666,2025-04-02
IBM,IBM,Information Technology,249.97999572753906,2025-04-02
INTC,Intel,Information Technology,21.979999542236328,2025-04-02
INTU,Intuit,Information Technology,619.827392578125,2025-04-02
IT,Gartner,Information Technology,424.3699951171875,2025-04-02
JBL,Jabil,Information Technology,138.75,2025-04-02
JNPR,Juniper Networks,Information Technology,36.06999969482422,2025-04-02
KEYS,Keysight Technologies,Information Technology,151.7100067138672,2025-04-02
KLAC,KLA Corporation,Information Technology,686.1900024414062,2025-04-02
LRCX,Lam Research,Information Technology,73.77999877929688,2025-04-02
MCHP,Microchip Technology,Information Technology,48.93000030517578,2025-04-02
MPWR,Monolithic Power Systems,Information Technology,590.6500244140625,2025-04-02
MSFT,Microsoft,Information Technology,382.1400146484375,2025-04-02
MSI,Motorola Solutions,Information Technology,436.989990234375,2025-04-02
MU,Micron Technology,Information Technology,88.5999984741211,2025-04-02
NOW,ServiceNow,Information Technology,824.030029296875,2025-04-02
NTAP,NetApp,Information Technology,89.91341400146484,2025-04-02
NVDA,Nvidia,Information Technology,110.41999816894531,2025-04-02
NXPI,NXP Semiconductors,Information Technology,193.6699981689453,2025-04-02
ON,ON Semiconductor,Information Technology,40.7599983215332,2025-04-02
ORCL,Oracle Corporation,Information Technology,145.33790588378906,2025-04-02
PANW,Palo Alto Networks,Information Technology,173.17999267578125,2025-04-02
PLTR,Palantir Technologies,Information Technology,87.44999694824219,2025-04-02
PTC,PTC Inc.,Information Technology,157.16000366210938,2025-04-02
QCOM,Qualcomm,Information Technology,154.0800018310547,2025-04-02
ROP,Roper Technologies,Information Technology,589.5198364257812,2025-04-02
SMCI,Supermicro,Information Technology,35.09000015258789,2025-04-02
SNPS,Synopsys,Information Technology,438.54998779296875,2025-04-02
STX,Seagate Technology,Information Technology,85.5199966430664,2025-04-02
SWKS,Skyworks Solutions,Information Technology,64.80000305175781,2025-04-02
TDY,Teledyne Technologies,Information Technology,499.67999267578125,2025-04-02
TEL,TE Connectivity,Information Technology,142.2899932861328,2025-04-02
TER,Teradyne,Information Technology,83.62000274658203,2025-04-02
TRMB,Trimble Inc.,Information Technology,66.51000213623047,2025-04-02
TXN,Texas Instruments,Information Technology,178.19000244140625,2025-04-02
TYL,Tyler Technologies,Information Technology,581.8099975585938,2025-04-02
VRSN,Verisign,Information Technology,255.5,2025-04-02
WDAY,"Workday, Inc.",Information Technology,235.38999938964844,2025-04-02
WDC,Western Digital,Information Technology,41.779998779296875,2025-04-02
ZBRA,Zebra Technologies,Information Technology,287.57000732421875,2025-04-02
ALB,Albemarle Corporation,Materials,72.25,2025-04-02
AMCR,Amcor,Materials,9.800000190734863,2025-04-02
APD,Air Products,Materials,294.9599914550781,2025-04-02
AVY,Avery Dennison,Materials,180.5800018310547,2025-04-02
BALL,Ball Corporation,Materials,52.310001373291016,2025-04-02
CF,CF Industries,Materials,79.83000183105469,2025-04-02
CTVA,Corteva,Materials,64.0,2025-04-02
DD,DuPont,Materials,75.25,2025-04-02
DOW,Dow Inc.,Materials,34.88999938964844,2025-04-02
ECL,Ecolab,Materials,253.66000366210938,2025-04-02
EMN,Eastman Chemical Company,Materials,88.29000091552734,2025-04-02
FCX,Freeport-McMoRan,Materials,38.03022384643555,2025-04-02
IFF,International Flavors & Fragrances,Materials,78.62000274658203,2025-04-02
IP,International Paper,Materials,54.459999084472656,2025-04-02
LIN,Linde plc,Materials,469.739990234375,2025-04-02
LYB,LyondellBasell,Materials,70.6500015258789,2025-04-02
MLM,Martin Marietta Materials,Materials,492.4700012207031,2025-04-02
MOS,Mosaic Company (The),Materials,26.469999313354492,2025-04-02
NEM,Newmont,Materials,48.72999954223633,2025-04-02
NUE,Nucor,Materials,123.02999877929688,2025-04-02
PKG,Packaging Corporation of America,Materials,201.36000061035156,2025-04-02
PPG,PPG Industries,Materials,110.11000061035156,2025-04-02
SHW,Sherwin-Williams,Materials,353.6600036621094,2025-04-02
STLD,Steel Dynamics,Materials,127.36000061035156,2025-04-02
SW,Smurfit Westrock,Materials,47.060001373291016,2025-04-02
VMC,Vulcan Materials Company,Materials,240.10000610351562,2025-04-02
AMT,American Tower,Real Estate,216.12181091308594,2025-04-02
ARE,Alexandria Real Estate Equities,Real Estate,92.33000183105469,2025-04-02
AVB,AvalonBay Communities,Real Estate,215.61000061035156,2025-04-02
BXP,"BXP, Inc.",Real Estate,67.81999969482422,2025-04-02
CBRE,CBRE Group,Real Estate,133.2899932861328,2025-04-02
CCI,Crown Castle,Real Estate,103.80999755859375,2025-04-02
CPT,Camden Property Trust,Real Estate,122.80000305175781,2025-04-02
CSGP,CoStar Group,Real Estate,79.91999816894531,2025-04-02
DLR,Digital Realty,Real Estate,148.67999267578125,2025-04-02
DOC,Healthpeak Properties,Real Estate,19.949874877929688,2025-04-02
EQIX,Equinix,Real Estate,831.5499877929688,2025-04-02
EQR,Equity Residential,Real Estate,71.62999725341797,2025-04-02
ESS,Essex Property Trust,Real Estate,307.20001220703125,2025-04-02
EXR,Extra Space Storage,Real Estate,147.47000122070312,2025-04-02
FRT,Federal Realty Investment Trust,Real Estate,99.08000183105469,2025-04-02
HST,Host Hotels & Resorts,Real Estate,14.649999618530273,2025-04-02
INVH,Invitation Homes,Real Estate,34.630001068115234,2025-04-02
IRM,Iron Mountain,Real Estate,88.0999984741211,2025-04-02
KIM,Kimco Realty,Real Estate,21.450000762939453,2025-04-02
MAA,Mid-America Apartment Communities,Real Estate,166.3934783935547,2025-04-02
O,Realty Income,Real Estate,57.119998931884766,2025-04-02
PLD,Prologis,Real Estate,112.33999633789062,2025-04-02
PSA,Public Storage,Real Estate,296.92999267578125,2025-04-02
REG,Regency Centers,Real Estate,74.73999786376953,2025-04-02
SBAC,SBA Communications,Real Estate,219.33999633789062,2025-04-02
SPG,Simon Property Group,Real Estate,170.41000366210938,2025-04-02
UDR,"UDR, Inc.",Real Estate,44.88508605957031,2025-04-02
VICI,Vici Properties,Real Estate,32.189998626708984,2025-04-02
VTR,Ventas,Real Estate,69.38999938964844,2025-04-02
WELL,Welltower,Real Estate,153.0800018310547,2025-04-02
WY,Weyerhaeuser,Real Estate,29.479999542236328,2025-04-02
AEE,Ameren,Utilities,100.83999633789062,2025-04-02
AEP,American Electric Power,Utilities,107.75,2025-04-02
AES,AES Corporation,Utilities,12.479999542236328,2025-04-02
ATO,Atmos Energy,Utilities,155.2100067138672,2025-04-02
AWK,American Water Works,Utilities,146.19000244140625,2025-04-02
CEG,Constellation Energy,Utilities,214.4600067138672,2025-04-02
CMS,CMS Energy,Utilities,74.66000366210938,2025-04-02
CNP,CenterPoint Energy,Utilities,36.93000030517578,2025-04-02
D,Dominion Energy,Utilities,56.22999954223633,2025-04-02
DTE,DTE Energy,Utilities,138.0,2025-04-02
DUK,Duke Energy,Utilities,120.38999938964844,2025-04-02
ED,Consolidated Edison,Utilities,109.58000183105469,2025-04-02
EIX,Edison International,Utilities,59.01380920410156,2025-04-02
ES,Eversource Energy,Utilities,62.630001068115234,2025-04-02
ETR,Entergy,Utilities,86.61000061035156,2025-04-02
EVRG,Evergy,Utilities,69.43000030517578,2025-04-02
EXC,Exelon,Utilities,45.970001220703125,2025-04-02
FE,FirstEnergy,Utilities,40.58000183105469,2025-04-02
LNT,Alliant Energy,Utilities,64.48999786376953,2025-04-02
NEE,NextEra Energy,Utilities,70.4800033569336,2025-04-02
NI,NiSource,Utilities,40.63999938964844,2025-04-02
NRG,NRG Energy,Utilities,102.87999725341797,2025-04-02
PCG,PG&E Corporation,Utilities,17.43000030517578,2025-04-02
PEG,Public Service Enterprise Group,Utilities,83.79000091552734,2025-04-02
PNW,Pinnacle West Capital,Utilities,95.43000030517578,2025-04-02
PPL,PPL Corporation,Utilities,36.130001068115234,2025-04-02
SO,Southern Company,Utilities,91.30000305175781,2025-04-02
SRE,Sempra,Utilities,72.83999633789062,2025-04-02
VST,Vistra Corp.,Utilities,127.19000244140625,2025-04-02
WEC,WEC Energy Group,Utilities,108.83999633789062,2025-04-02
XEL,Xcel Energy,Utilities,70.9000015258789,2025-04-02
